<T3DataStructure>
    <sheets>
        <sDEF>
            <ROOT>
                <TCEforms>
                    <sheetTitle>Jobs List View</sheetTitle>
                </TCEforms>
                <type>array</type>
                <el>
                    <!-- <settings.companiesStorage>
                        <TCEforms>
                            <label>
                                Wo sind die Companies gespeichert?
                            </label>
                            <config>
                                <type>group</type>
                                <internal_type>db</internal_type>
                                <allowed>pages</allowed>
                                <size>3</size>
                                <maxitems>10</maxitems>
                                <minitems>1</minitems>
                                <show_thumbs>1</show_thumbs>
                                <wizards>
                                    <suggest>
                                        <type>suggest</type>
                                    </suggest>
                                </wizards>
                            </config>
                        </TCEforms>
                    </settings.companiesStorage> -->

                    <settings.jobsStorage>
                        <TCEforms>
                            <label>
                                Wo sind die Jobs gespeichert?
                            </label>
                            <config>
                                <type>group</type>
                                <internal_type>db</internal_type>
                                <allowed>pages</allowed>
                                <size>3</size>
                                <maxitems>10</maxitems>
                                <minitems>1</minitems>
                                <show_thumbs>1</show_thumbs>
                                <wizards>
                                    <suggest>
                                        <type>suggest</type>
                                    </suggest>
                                </wizards>
                            </config>
                        </TCEforms>
                    </settings.jobsStorage>

                    <!-- <settings.companiesDetailView>
                        <TCEforms>
                            <label>Company Detail Page</label>
                            <config>
                                <type>group</type>
                                <internal_type>db</internal_type>
                                <allowed>pages</allowed>
                                <size>1</size>
                                <maxitems>1</maxitems>
                                <minitems>1</minitems>
                                <show_thumbs>1</show_thumbs>
                            </config>
                        </TCEforms>
                    </settings.companiesDetailView> -->

                    <settings.jobsDetailView>
                        <TCEforms>
                            <label>Jobs Detail Page (optional)</label>
                            <config>
                                <type>group</type>
                                <internal_type>db</internal_type>
                                <allowed>pages</allowed>
                                <size>1</size>
                                <maxitems>1</maxitems>
                                <minitems>0</minitems>
                                <show_thumbs>1</show_thumbs>
                            </config>
                        </TCEforms>
                    </settings.jobsDetailView>

                    <settings.showDetailView>
                        <TCEforms>
                            <label>Show detail-view</label>
                            <config>
                                <type>check</type>
                            </config>
                        </TCEforms>
                    </settings.showDetailView>
                </el>
            </ROOT>
        </sDEF>
    </sheets>
</T3DataStructure>
